SetName,Cycle,Time_S,Size_mm,Displacement_mm,,Force_N
Stretch,1-Preload,0,40.841,0,,-0.423
Stretch,1-Preload,0.2,40.841,0,,-0.025
Stretch,1-Preload,0.4,40.855,0.014,,-0.025
Stretch,1-Preload,0.6,40.861,0.02,,-0.124
Stretch,1-Preload,0.8,40.863,0.022,,-0.025
Stretch,1-Preload,1,40.869,0.028,,0.075
Stretch,1-Preload,1.2,40.872,0.031,,-0.124
Stretch,1-Preload,1.4,40.891,0.05,,-0.025
Stretch,1-Preload,1.6,40.89,0.049,,0.174
Stretch,1-Preload,1.8,40.895,0.054,,0.075
Stretch,1-Preload,2,40.911,0.07,,-0.224
Stretch,1-Preload,2.2,40.922,0.081,,-0.124
Stretch,1-Preload,2.4,40.942,0.101,,0.075
Stretch,1-Stretch,2.56,40.942,0,1,-0.124
Stretch,1-Stretch,2.76,41.013,0.071,1.001734161,-0.025
Stretch,1-Stretch,2.96,41.095,0.153,1.003736994,-0.324
Stretch,1-Stretch,3.16,41.176,0.234,1.005715402,-0.124
Stretch,1-Stretch,3.36,41.259,0.317,1.00774266,-0.025
Stretch,1-Stretch,3.56,41.341,0.399,1.009745494,-0.423
Stretch,1-Stretch,3.76,41.423,0.481,1.011748327,-0.124
Stretch,1-Stretch,3.96,41.505,0.563,1.01375116,-0.224
Stretch,1-Stretch,4.16,41.587,0.645,1.015753993,-0.324
Stretch,1-Stretch,4.36,41.669,0.727,1.017756827,-0.025
Stretch,1-Stretch,4.56,41.751,0.809,1.01975966,-0.423
Stretch,1-Stretch,4.76,41.833,0.891,1.021762493,-0.224
Stretch,1-Stretch,4.96,41.915,0.973,1.023765327,-0.025
Stretch,1-Stretch,5.16,41.997,1.055,1.02576816,-0.324
Stretch,1-Stretch,5.36,42.079,1.137,1.027770993,-0.025
Stretch,1-Stretch,5.56,42.161,1.219,1.029773826,-0.124
Stretch,1-Stretch,5.76,42.244,1.302,1.031801084,-0.224
Stretch,1-Stretch,5.96,42.325,1.383,1.033779493,0.075
Stretch,1-Stretch,6.16,42.407,1.465,1.035782326,-0.324
Stretch,1-Stretch,6.36,42.49,1.548,1.037809584,-0.124
Stretch,1-Stretch,6.56,42.572,1.63,1.039812418,-0.025
Stretch,1-Stretch,6.76,42.653,1.711,1.041790826,-0.324
Stretch,1-Stretch,6.96,42.735,1.793,1.043793659,-0.124
Stretch,1-Stretch,7.16,42.818,1.876,1.045820917,-0.124
Stretch,1-Stretch,7.36,42.9,1.958,1.047823751,-0.224
Stretch,1-Stretch,7.56,42.982,2.04,1.049826584,-0.025
Stretch,1-Stretch,7.76,43.064,2.122,1.051829417,-0.124
Stretch,1-Stretch,7.96,43.146,2.204,1.053832251,-0.025
Stretch,1-Stretch,8.16,43.228,2.286,1.055835084,-0.025
Stretch,1-Stretch,8.36,43.31,2.368,1.057837917,-0.224
Stretch,1-Stretch,8.56,43.392,2.45,1.05984075,0.075
Stretch,1-Stretch,8.76,43.474,2.532,1.061843584,-0.224
Stretch,1-Stretch,8.96,43.556,2.614,1.063846417,-0.224
Stretch,1-Stretch,9.16,43.638,2.696,1.06584925,-0.025
Stretch,1-Stretch,9.36,43.72,2.778,1.067852083,-0.224
Stretch,1-Stretch,9.56,43.803,2.861,1.069879342,-0.025
Stretch,1-Stretch,9.76,43.884,2.942,1.07185775,-0.025
Stretch,1-Stretch,9.96,43.966,3.024,1.073860583,0.274
Stretch,1-Stretch,10.16,44.049,3.107,1.075887841,0.174
Stretch,1-Stretch,10.36,44.131,3.189,1.077890675,0.174
Stretch,1-Stretch,10.56,44.212,3.27,1.079869083,-0.124
Stretch,1-Stretch,10.76,44.294,3.352,1.081871916,0.274
Stretch,1-Stretch,10.96,44.377,3.435,1.083899174,-0.124
Stretch,1-Stretch,11.16,44.459,3.517,1.085902008,-0.124
Stretch,1-Stretch,11.36,44.54,3.598,1.087880416,0.075
Stretch,1-Stretch,11.56,44.623,3.681,1.089907674,-0.324
Stretch,1-Stretch,11.76,44.705,3.763,1.091910508,0.075
Stretch,1-Stretch,11.96,44.787,3.845,1.093913341,-0.124
Stretch,1-Stretch,12.16,44.869,3.927,1.095916174,-0.124
Stretch,1-Stretch,12.36,44.951,4.009,1.097919007,0.274
Stretch,1-Stretch,12.56,45.033,4.091,1.099921841,-0.025
Stretch,1-Stretch,12.76,45.115,4.173,1.101924674,-0.124
Stretch,1-Stretch,12.96,45.197,4.255,1.103927507,0.075
Stretch,1-Stretch,13.16,45.279,4.337,1.10593034,0.174
Stretch,1-Stretch,13.36,45.361,4.419,1.107933174,0.174
Stretch,1-Stretch,13.56,45.443,4.501,1.109936007,0.174
Stretch,1-Stretch,13.76,45.525,4.583,1.11193884,-0.124
Stretch,1-Stretch,13.96,45.608,4.666,1.113966098,0.174
Stretch,1-Stretch,14.16,45.689,4.747,1.115944507,-0.025
Stretch,1-Stretch,14.36,45.771,4.829,1.11794734,-0.025
Stretch,1-Stretch,14.56,45.853,4.911,1.119950173,0.075
Stretch,1-Stretch,14.76,45.936,4.994,1.121977431,0.373
Stretch,1-Stretch,14.96,46.018,5.076,1.123980265,0.174
Stretch,1-Stretch,15.16,46.099,5.157,1.125958673,0.174
Stretch,1-Stretch,15.36,46.182,5.24,1.127985931,0.174
Stretch,1-Stretch,15.56,46.264,5.322,1.129988765,0.373
Stretch,1-Stretch,15.76,46.346,5.404,1.131991598,0.373
Stretch,1-Stretch,15.96,46.428,5.486,1.133994431,0.373
Stretch,1-Stretch,16.16,46.51,5.568,1.135997264,0.373
Stretch,1-Stretch,16.36,46.592,5.65,1.138000098,0.373
Stretch,1-Stretch,16.56,46.674,5.732,1.140002931,0.373
Stretch,1-Stretch,16.76,46.756,5.814,1.142005764,0.274
Stretch,1-Stretch,16.96,46.838,5.896,1.144008598,0.373
Stretch,1-Stretch,17.16,46.92,5.978,1.146011431,0.373
Stretch,1-Stretch,17.36,47.002,6.06,1.148014264,0.373
Stretch,1-Stretch,17.56,47.084,6.142,1.150017097,0.373
Stretch,1-Stretch,17.76,47.166,6.224,1.152019931,0.373
Stretch,1-Stretch,17.96,47.248,6.306,1.154022764,0.373
Stretch,1-Stretch,18.16,47.33,6.388,1.156025597,0.373
Stretch,1-Stretch,18.36,47.412,6.47,1.15802843,0.373
Stretch,1-Stretch,18.56,47.495,6.553,1.160055689,0.373
Stretch,1-Stretch,18.76,47.576,6.634,1.162034097,0.373
Stretch,1-Stretch,18.96,47.658,6.716,1.16403693,0.373
Stretch,1-Stretch,19.16,47.741,6.799,1.166064188,0.473
Stretch,1-Stretch,19.36,47.823,6.881,1.168067022,0.672
Stretch,1-Stretch,19.56,47.904,6.962,1.17004543,0.373
Stretch,1-Stretch,19.76,47.987,7.045,1.172072688,0.672
Stretch,1-Stretch,19.96,48.069,7.127,1.174075521,0.572
Stretch,1-Stretch,20.16,48.151,7.209,1.176078355,0.473
Stretch,1-Stretch,20.36,48.233,7.291,1.178081188,0.672
Stretch,1-Stretch,20.56,48.315,7.373,1.180084021,0.373
Stretch,1-Stretch,20.76,48.397,7.455,1.182086855,0.572
Stretch,1-Stretch,20.96,48.479,7.537,1.184089688,0.672
Stretch,1-Stretch,21.16,48.561,7.619,1.186092521,0.473
Stretch,1-Stretch,21.36,48.643,7.701,1.188095354,0.572
Stretch,1-Stretch,21.56,48.725,7.783,1.190098188,0.772
Stretch,1-Stretch,21.76,48.807,7.865,1.192101021,0.871
Stretch,1-Stretch,21.96,48.889,7.947,1.194103854,0.672
Stretch,1-Stretch,22.16,48.971,8.029,1.196106688,0.971
Stretch,1-Stretch,22.36,49.054,8.112,1.198133946,0.971
Stretch,1-Stretch,22.56,49.135,8.193,1.200112354,0.672
Stretch,1-Stretch,22.76,49.217,8.275,1.202115187,1.07
Stretch,1-Stretch,22.96,49.3,8.358,1.204142445,0.871
Stretch,1-Stretch,23.16,49.382,8.44,1.206145279,1.07
Stretch,1-Stretch,23.36,49.463,8.521,1.208123687,1.07
Stretch,1-Stretch,23.56,49.546,8.604,1.210150945,1.07
Stretch,1-Stretch,23.76,49.628,8.686,1.212153779,1.17
Stretch,1-Stretch,23.96,49.71,8.768,1.214156612,1.17
Stretch,1-Stretch,24.16,49.792,8.85,1.216159445,1.17
Stretch,1-Stretch,24.36,49.874,8.932,1.218162278,1.17
Stretch,1-Stretch,24.56,49.956,9.014,1.220165112,1.269
Stretch,1-Stretch,24.76,50.038,9.096,1.222167945,1.468
Stretch,1-Stretch,24.96,50.12,9.178,1.224170778,1.667
Stretch,1-Stretch,25.16,50.202,9.26,1.226173611,1.468
Stretch,1-Stretch,25.36,50.284,9.342,1.228176445,1.867
Stretch,1-Stretch,25.56,50.366,9.424,1.230179278,1.667
Stretch,1-Stretch,25.76,50.448,9.506,1.232182111,1.568
Stretch,1-Stretch,25.96,50.53,9.588,1.234184945,1.867
Stretch,1-Stretch,26.16,50.612,9.67,1.236187778,1.767
Stretch,1-Stretch,26.36,50.694,9.752,1.238190611,1.867
Stretch,1-Stretch,26.56,50.776,9.834,1.240193444,1.966
Stretch,1-Stretch,26.76,50.859,9.917,1.242220702,1.966
Stretch,1-Stretch,26.96,50.94,9.998,1.244199111,1.966
Stretch,1-Stretch,27.16,51.022,10.08,1.246201944,1.966
Stretch,1-Stretch,27.36,51.105,10.163,1.248229202,1.966
Stretch,1-Stretch,27.56,51.178,10.236,1.250012212,2.663
Stretch,1-Stretch,27.76,51.243,10.301,1.251599824,2.364
Stretch,1-Stretch,27.96,51.326,10.384,1.253627082,2.563
Stretch,1-Stretch,28.16,51.407,10.465,1.255605491,2.563
Stretch,1-Stretch,28.36,51.489,10.547,1.257608324,2.364
Stretch,1-Stretch,28.56,51.571,10.629,1.259611157,2.663
Stretch,1-Stretch,28.76,51.654,10.712,1.261638415,2.763
Stretch,1-Stretch,28.96,51.735,10.793,1.263616824,2.763
Stretch,1-Stretch,29.16,51.818,10.876,1.265644082,2.663
Stretch,1-Stretch,29.36,51.9,10.958,1.267646915,2.563
Stretch,1-Stretch,29.56,51.982,11.04,1.269649748,2.663
Stretch,1-Stretch,29.76,52.064,11.122,1.271652582,2.763
Stretch,1-Stretch,29.96,52.146,11.204,1.273655415,2.763
Stretch,1-Stretch,30.16,52.228,11.286,1.275658248,2.763
Stretch,1-Stretch,30.36,52.31,11.368,1.277661082,2.862
Stretch,1-Stretch,30.56,52.392,11.45,1.279663915,2.962
Stretch,1-Stretch,30.76,52.474,11.532,1.281666748,2.763
Stretch,1-Stretch,30.96,52.556,11.614,1.283669581,3.061
Stretch,1-Stretch,31.16,52.638,11.696,1.285672415,3.061
Stretch,1-Stretch,31.36,52.72,11.778,1.287675248,3.459
Stretch,1-Stretch,31.56,52.802,11.86,1.289678081,3.559
Stretch,1-Stretch,31.76,52.884,11.942,1.291680914,3.559
Stretch,1-Stretch,31.96,52.966,12.024,1.293683748,3.559
Stretch,1-Stretch,32.16,53.048,12.106,1.295686581,3.559
Stretch,1-Stretch,32.36,53.13,12.188,1.297689414,3.559
Stretch,1-Stretch,32.56,53.213,12.271,1.299716672,3.858
Stretch,1-Stretch,32.76,53.294,12.352,1.301695081,3.758
Stretch,1-Stretch,32.96,53.377,12.435,1.303722339,3.858
Stretch,1-Stretch,33.16,53.458,12.516,1.305700747,4.355
Stretch,1-Stretch,33.36,53.541,12.599,1.307728005,4.355
Stretch,1-Stretch,33.56,53.622,12.68,1.309706414,4.355
Stretch,1-Stretch,33.76,53.705,12.763,1.311733672,4.256
Stretch,1-Stretch,33.96,53.787,12.845,1.313736505,4.355
Stretch,1-Stretch,34.16,53.869,12.927,1.315739339,4.355
Stretch,1-Stretch,34.36,53.951,13.009,1.317742172,4.355
Stretch,1-Stretch,34.56,54.033,13.091,1.319745005,4.355
Stretch,1-Stretch,34.76,54.115,13.173,1.321747838,4.455
Stretch,1-Stretch,34.96,54.197,13.255,1.323750672,5.052
Stretch,1-Stretch,35.16,54.279,13.337,1.325753505,4.853
Stretch,1-Stretch,35.36,54.361,13.419,1.327756338,4.953
Stretch,1-Stretch,35.56,54.443,13.501,1.329759172,5.152
Stretch,1-Stretch,35.76,54.525,13.583,1.331762005,5.152
Stretch,1-Stretch,35.96,54.607,13.665,1.333764838,5.251
Stretch,1-Stretch,36.16,54.689,13.747,1.335767671,5.152
Stretch,1-Stretch,36.36,54.771,13.829,1.337770505,5.45
Stretch,1-Stretch,36.56,54.853,13.911,1.339773338,5.849
Stretch,1-Stretch,36.76,54.935,13.993,1.341776171,5.749
Stretch,1-Stretch,36.96,55.017,14.075,1.343779004,5.65
Stretch,1-Stretch,37.16,55.099,14.157,1.345781838,5.948
Stretch,1-Stretch,37.36,55.181,14.239,1.347784671,5.948
Stretch,1-Stretch,37.56,55.263,14.321,1.349787504,5.948
Stretch,1-Stretch,37.76,55.346,14.404,1.351814762,6.247
Stretch,1-Stretch,37.96,55.427,14.485,1.353793171,6.247
Stretch,1-Stretch,38.16,55.51,14.568,1.355820429,6.446
Stretch,1-Stretch,38.36,55.591,14.649,1.357798837,6.346
Stretch,1-Stretch,38.56,55.674,14.732,1.359826095,6.346
Stretch,1-Stretch,38.76,55.755,14.813,1.361804504,5.948
Stretch,1-Stretch,38.96,55.838,14.896,1.363831762,6.247
Stretch,1-Stretch,39.16,55.92,14.978,1.365834595,6.546
Stretch,1-Stretch,39.36,56.002,15.06,1.367837429,6.745
Stretch,1-Stretch,39.56,56.084,15.142,1.369840262,6.745
Stretch,1-Stretch,39.76,56.166,15.224,1.371843095,6.745
Stretch,1-Stretch,39.96,56.248,15.306,1.373845928,6.944
Stretch,1-Stretch,40.16,56.33,15.388,1.375848762,7.043
Stretch,1-Stretch,40.36,56.412,15.47,1.377851595,6.844
Stretch,1-Stretch,40.56,56.494,15.552,1.379854428,7.342
Stretch,1-Stretch,40.76,56.576,15.634,1.381857261,7.441
Stretch,1-Stretch,40.96,56.658,15.716,1.383860095,7.541
Stretch,1-Stretch,41.16,56.74,15.798,1.385862928,7.74
Stretch,1-Stretch,41.36,56.822,15.88,1.387865761,7.541
Stretch,1-Stretch,41.56,56.904,15.962,1.389868595,7.74
Stretch,1-Stretch,41.76,56.986,16.044,1.391871428,7.84
Stretch,1-Stretch,41.96,57.068,16.126,1.393874261,7.541
Stretch,1-Stretch,42.16,57.15,16.208,1.395877094,7.74
Stretch,1-Stretch,42.36,57.233,16.291,1.397904352,8.138
Stretch,1-Stretch,42.56,57.314,16.372,1.399882761,8.238
Stretch,1-Stretch,42.76,57.397,16.455,1.401910019,8.039
Stretch,1-Stretch,42.96,57.479,16.537,1.403912852,8.238
Stretch,1-Stretch,43.16,57.561,16.619,1.405915686,8.337
Stretch,1-Stretch,43.36,57.642,16.7,1.407894094,8.337
Stretch,1-Stretch,43.56,57.725,16.783,1.409921352,8.337
Stretch,1-Stretch,43.76,57.807,16.865,1.411924185,8.736
Stretch,1-Stretch,43.96,57.889,16.947,1.413927019,8.835
Stretch,1-Stretch,44.16,57.971,17.029,1.415929852,8.935
Stretch,1-Stretch,44.36,58.053,17.111,1.417932685,8.935
Stretch,1-Stretch,44.56,58.135,17.193,1.419935519,9.034
Stretch,1-Stretch,44.76,58.217,17.275,1.421938352,9.134
Stretch,1-Stretch,44.96,58.299,17.357,1.423941185,9.134
Stretch,1-Stretch,45.16,58.381,17.439,1.425944018,9.134
Stretch,1-Stretch,45.36,58.463,17.521,1.427946852,9.532
Stretch,1-Stretch,45.56,58.545,17.603,1.429949685,9.632
Stretch,1-Stretch,45.76,58.627,17.685,1.431952518,9.731
Stretch,1-Stretch,45.96,58.709,17.767,1.433955351,9.93
Stretch,1-Stretch,46.16,58.791,17.849,1.435958185,9.831
Stretch,1-Stretch,46.36,58.873,17.931,1.437961018,9.93
Stretch,1-Stretch,46.56,58.955,18.013,1.439963851,9.831
Stretch,1-Stretch,46.76,59.037,18.095,1.441966685,9.731
Stretch,1-Stretch,46.96,59.12,18.178,1.443993943,10.03
Stretch,1-Stretch,47.16,59.201,18.259,1.445972351,9.93
Stretch,1-Stretch,47.36,59.284,18.342,1.447999609,9.93
Stretch,1-Stretch,47.56,59.366,18.424,1.450002442,9.93
Stretch,1-Stretch,47.76,59.448,18.506,1.452005276,9.93
Stretch,1-Stretch,47.96,59.53,18.588,1.454008109,10.03
Stretch,1-Stretch,48.16,59.612,18.67,1.456010942,10.329
Stretch,1-Stretch,48.36,59.694,18.752,1.458013776,9.93
Stretch,1-Stretch,48.56,59.776,18.834,1.460016609,10.229
Stretch,1-Stretch,48.76,59.858,18.916,1.462019442,10.428
Stretch,1-Stretch,48.96,59.94,18.998,1.464022275,10.727
Stretch,1-Stretch,49.16,60.022,19.08,1.466025109,10.727
Stretch,1-Stretch,49.36,60.104,19.162,1.468027942,10.727
Stretch,1-Stretch,49.56,60.186,19.244,1.470030775,10.727
Stretch,1-Stretch,49.76,60.268,19.326,1.472033609,10.826
Stretch,1-Stretch,49.96,60.35,19.408,1.474036442,10.727
Stretch,1-Stretch,50.16,60.432,19.49,1.476039275,11.025
Stretch,1-Stretch,50.36,60.514,19.572,1.478042108,10.926
Stretch,1-Stretch,50.56,60.596,19.654,1.480044942,10.826
Stretch,1-Stretch,50.76,60.678,19.736,1.482047775,11.125
Stretch,1-Stretch,50.96,60.76,19.818,1.484050608,11.025
Stretch,1-Stretch,51.16,60.842,19.9,1.486053441,11.324
Stretch,1-Stretch,51.36,60.924,19.982,1.488056275,11.424
Stretch,1-Stretch,51.56,61.006,20.064,1.490059108,11.523
Stretch,1-Stretch,51.76,61.088,20.146,1.492061941,11.523
Stretch,1-Stretch,51.96,61.17,20.228,1.494064775,11.523
Stretch,1-Stretch,52.16,61.253,20.311,1.496092033,11.523
Stretch,1-Stretch,52.36,61.334,20.392,1.498070441,11.722
Stretch,1-Stretch,52.56,61.412,20.47,1.499975575,11.523
Stretch,1-Stretch,52.76,61.471,20.529,1.501416638,11.623
Stretch,1-Stretch,52.96,61.553,20.611,1.503419471,11.722
Stretch,1-Stretch,53.16,61.635,20.693,1.505422305,11.523
Stretch,1-Stretch,53.36,61.717,20.775,1.507425138,11.822
Stretch,1-Stretch,53.56,61.799,20.857,1.509427971,11.623
Stretch,1-Stretch,53.76,61.882,20.94,1.511455229,11.623
Stretch,1-Stretch,53.96,61.963,21.021,1.513433638,11.722
Stretch,1-Stretch,54.16,62.045,21.103,1.515436471,11.722
Stretch,1-Stretch,54.36,62.128,21.186,1.517463729,12.021
Stretch,1-Stretch,54.56,62.21,21.268,1.519466562,11.822
Stretch,1-Stretch,54.76,62.291,21.349,1.521444971,12.22
Stretch,1-Stretch,54.96,62.374,21.432,1.523472229,11.921
Stretch,1-Stretch,55.16,62.456,21.514,1.525475062,12.12
Stretch,1-Stretch,55.36,62.538,21.596,1.527477896,12.12
Stretch,1-Stretch,55.56,62.62,21.678,1.529480729,11.822
Stretch,1-Stretch,55.76,62.702,21.76,1.531483562,12.22
Stretch,1-Stretch,55.96,62.784,21.842,1.533486395,12.021
Stretch,1-Stretch,56.16,62.866,21.924,1.535489229,11.921
Stretch,1-Stretch,56.36,62.948,22.006,1.537492062,12.22
Stretch,1-Stretch,56.56,63.03,22.088,1.539494895,12.021
Stretch,1-Stretch,56.76,63.112,22.17,1.541497728,12.12
Stretch,1-Stretch,56.96,63.194,22.252,1.543500562,12.22
Stretch,1-Stretch,57.16,63.276,22.334,1.545503395,12.12
Stretch,1-Stretch,57.36,63.358,22.416,1.547506228,12.22
Stretch,1-Stretch,57.56,63.441,22.499,1.549533486,12.22
Stretch,1-Stretch,57.76,63.522,22.58,1.551511895,12.021
Stretch,1-Stretch,57.96,63.605,22.663,1.553539153,12.22
Stretch,1-Stretch,58.16,63.687,22.745,1.555541986,12.021
Stretch,1-Stretch,58.36,63.769,22.827,1.55754482,12.22
Stretch,1-Stretch,58.56,63.851,22.909,1.559547653,12.12
Stretch,1-Stretch,58.76,63.933,22.991,1.561550486,12.021
Stretch,1-Stretch,58.96,64.015,23.073,1.563553319,12.22
Stretch,1-Stretch,59.16,64.097,23.155,1.565556153,12.021
Stretch,1-Stretch,59.36,64.179,23.237,1.567558986,11.921
Stretch,1-Stretch,59.56,64.261,23.319,1.569561819,12.22
Stretch,1-Stretch,59.76,64.343,23.401,1.571564652,11.921
Stretch,1-Stretch,59.96,64.425,23.483,1.573567486,12.12
Stretch,1-Stretch,60.16,64.507,23.565,1.575570319,12.12
Stretch,1-Stretch,60.36,64.589,23.647,1.577573152,11.822
Stretch,1-Stretch,60.56,64.671,23.729,1.579575986,12.22
Stretch,1-Stretch,60.76,64.753,23.811,1.581578819,12.021
Stretch,1-Stretch,60.96,64.835,23.893,1.583581652,11.921
Stretch,1-Stretch,61.16,64.918,23.976,1.58560891,12.22
Stretch,1-Stretch,61.36,64.999,24.057,1.587587319,12.021
Stretch,1-Stretch,61.56,65.081,24.139,1.589590152,11.722
Stretch,1-Stretch,61.76,65.164,24.222,1.59161741,11.722
Stretch,1-Stretch,61.96,65.246,24.304,1.593620243,11.523
Stretch,1-Stretch,62.16,65.327,24.385,1.595598652,11.623
Stretch,1-Stretch,62.36,65.41,24.468,1.59762591,11.523
Stretch,1-Stretch,62.56,65.492,24.55,1.599628743,11.722
Stretch,1-Stretch,62.76,65.574,24.632,1.601631576,11.523
Stretch,1-Stretch,62.96,65.656,24.714,1.60363441,11.623
Stretch,1-Stretch,63.16,65.738,24.796,1.605637243,11.623
Stretch,1-Stretch,63.36,65.82,24.878,1.607640076,11.623
Stretch,1-Stretch,63.56,65.902,24.96,1.609642909,11.722
Stretch,1-Stretch,63.76,65.984,25.042,1.611645743,11.523
Stretch,1-Stretch,63.96,66.066,25.124,1.613648576,11.523
Stretch,1-Stretch,64.16,66.148,25.206,1.615651409,11.523
Stretch,1-Stretch,64.36,66.23,25.288,1.617654243,11.523
Stretch,1-Stretch,64.56,66.312,25.37,1.619657076,11.523
Stretch,1-Stretch,64.76,66.394,25.452,1.621659909,11.523
Stretch,1-Stretch,64.96,66.477,25.535,1.623687167,11.523
Stretch,1-Stretch,65.16,66.558,25.616,1.625665576,11.523
Stretch,1-Stretch,65.36,66.641,25.699,1.627692834,11.523
Stretch,1-Stretch,65.56,66.723,25.781,1.629695667,11.424
Stretch,1-Stretch,65.76,66.805,25.863,1.6316985,11.424
Stretch,1-Stretch,65.96,66.887,25.945,1.633701334,11.224
Stretch,1-Stretch,66.16,66.969,26.027,1.635704167,11.125
Stretch,1-Stretch,66.36,67.051,26.109,1.637707,11.025
Stretch,1-Stretch,66.56,67.133,26.191,1.639709833,10.826
Stretch,1-Stretch,66.76,67.215,26.273,1.641712667,11.125
Stretch,1-Stretch,66.96,67.297,26.355,1.6437155,10.727
Stretch,1-Stretch,67.16,67.379,26.437,1.645718333,10.926
Stretch,1-Stretch,67.36,67.461,26.519,1.647721167,11.025
Stretch,1-Stretch,67.56,67.543,26.601,1.649724,10.727
Stretch,1-Stretch,67.76,67.625,26.683,1.651726833,10.826
Stretch,1-Stretch,67.96,67.707,26.765,1.653729666,10.727
Stretch,1-Stretch,68.16,67.789,26.847,1.6557325,10.727
Stretch,1-Stretch,68.36,67.871,26.929,1.657735333,10.727
Stretch,1-Stretch,68.56,67.954,27.012,1.659762591,10.727
Stretch,1-Stretch,68.76,68.035,27.093,1.661740999,10.528
Stretch,1-Stretch,68.96,68.117,27.175,1.663743833,10.329
Stretch,1-Stretch,69.16,68.199,27.257,1.665746666,9.93
Stretch,1-Stretch,69.36,68.282,27.34,1.667773924,10.229
Stretch,1-Stretch,69.56,68.363,27.421,1.669752333,10.03
Stretch,1-Stretch,69.76,68.446,27.504,1.671779591,9.93
Stretch,1-Stretch,69.96,68.528,27.586,1.673782424,9.93
Stretch,1-Stretch,70.16,68.61,27.668,1.675785257,9.93
Stretch,1-Stretch,70.36,68.692,27.75,1.67778809,10.03
Stretch,1-Stretch,70.56,68.774,27.832,1.679790924,9.831
Stretch,1-Stretch,70.76,68.856,27.914,1.681793757,9.93
Stretch,1-Stretch,70.96,68.938,27.996,1.68379659,9.93
Stretch,1-Stretch,71.16,69.02,28.078,1.685799424,9.632
Stretch,1-Stretch,71.36,69.102,28.16,1.687802257,9.731
Stretch,1-Stretch,71.56,69.184,28.242,1.68980509,9.433
Stretch,1-Stretch,71.76,69.266,28.324,1.691807923,9.333
Stretch,1-Stretch,71.96,69.348,28.406,1.693810757,9.134
Stretch,1-Stretch,72.16,69.43,28.488,1.69581359,8.736
Stretch,1-Stretch,72.36,69.513,28.571,1.697840848,8.835
Stretch,1-Stretch,72.56,69.594,28.652,1.699819257,8.337
Stretch,1-Stretch,72.76,69.677,28.735,1.701846515,8.138
Stretch,1-Stretch,72.96,69.759,28.817,1.703849348,7.641
Stretch,1-Stretch,73.16,69.841,28.899,1.705852181,7.641
Stretch,1-Stretch,73.36,69.922,28.98,1.70783059,7.242
Stretch,1-Stretch,73.56,70.005,29.063,1.709857848,6.745
Stretch,1-Stretch,73.76,70.087,29.145,1.711860681,6.346
Stretch,1-Stretch,73.96,70.169,29.227,1.713863514,6.247
Stretch,1-Stretch,74.16,70.251,29.309,1.715866348,5.251
Stretch,1-Stretch,74.36,70.333,29.391,1.717869181,4.156
Stretch,1-Stretch,74.56,70.415,29.473,1.719872014,1.269
Stretch,1-Stretch,74.76,70.497,29.555,1.721874847,-0.025
Stretch,1-Stretch,74.96,70.579,29.637,1.723877681,-0.423
Stretch,1-Stretch,75.16,70.661,29.719,1.725880514,-0.224
Stretch,1-Stretch,75.36,70.743,29.801,1.727883347,-0.025
Stretch,1-Stretch,75.56,70.825,29.883,1.72988618,-0.423
Stretch,1-Stretch,75.76,70.907,29.965,1.731889014,-0.124
Stretch,1-Stretch,75.96,70.989,30.047,1.733891847,-0.124
Stretch,1-Stretch,76.16,71.071,30.129,1.73589468,-0.324
Stretch,1-Stretch,76.36,71.153,30.211,1.737897514,-0.025
Stretch,1-Stretch,76.56,71.235,30.293,1.739900347,-0.324
Stretch,1-Stretch,76.76,71.318,30.376,1.741927605,-0.224
Stretch,1-Stretch,76.96,71.399,30.457,1.743906013,-0.124
Stretch,1-Stretch,77.16,71.482,30.54,1.745933271,-0.423
Stretch,1-Stretch,77.36,71.564,30.622,1.747936105,-0.124
Stretch,1-Stretch,77.56,71.646,30.704,1.749938938,-0.224
Stretch,1-Stretch,77.76,71.7,30.758,1.751257877,-0.324
Stretch,1-Stretch,77.96,71.783,30.841,1.753285135,-0.025
Stretch,1-Stretch,78.16,71.865,30.923,1.755287968,-0.324
Stretch,1-Stretch,78.36,71.947,31.005,1.757290802,-0.124
Stretch,1-Stretch,78.56,72.029,31.087,1.759293635,-0.025
Stretch,1-Stretch,78.76,72.111,31.169,1.761296468,-0.423
Stretch,1-Stretch,78.96,72.193,31.251,1.763299301,-0.124
Stretch,1-Stretch,79.16,72.275,31.333,1.765302135,-0.224
Stretch,1-Stretch,79.36,72.357,31.415,1.767304968,-0.324
Stretch,1-Stretch,79.56,72.439,31.497,1.769307801,-0.025
Stretch,1-Stretch,79.76,72.521,31.579,1.771310635,-0.324
Stretch,1-Stretch,79.96,72.603,31.661,1.773313468,-0.224
Stretch,1-Stretch,80.16,72.685,31.743,1.775316301,-0.124
Stretch,1-Stretch,80.36,72.767,31.825,1.777319134,-0.423
Stretch,1-Stretch,80.56,72.849,31.907,1.779321968,-0.124
Stretch,1-Stretch,80.76,72.931,31.989,1.781324801,-0.124
Stretch,1-Stretch,80.96,73.013,32.071,1.783327634,-0.324
Stretch,1-Stretch,81.16,73.096,32.154,1.785354892,-0.025
Stretch,1-Stretch,81.36,73.178,32.236,1.787357726,-0.324
Stretch,1-Stretch,81.56,73.259,32.317,1.789336134,-0.224
Stretch,1-Stretch,81.76,73.342,32.4,1.791363392,-0.025
Stretch,1-Stretch,81.96,73.424,32.482,1.793366225,-0.423
Stretch,1-Stretch,82.16,73.506,32.564,1.795369059,-0.025
Stretch,1-Stretch,82.36,73.588,32.646,1.797371892,-0.324
Stretch,1-Stretch,82.56,73.67,32.728,1.799374725,-0.324
Stretch,1-Stretch,82.76,73.752,32.81,1.801377558,-0.025
Stretch,1-Stretch,82.96,73.834,32.892,1.803380392,-0.423
Stretch,1-Stretch,83.16,73.916,32.974,1.805383225,-0.224
Stretch,1-Stretch,83.36,73.998,33.056,1.807386058,-0.025
Stretch,1-Stretch,83.56,74.08,33.138,1.809388892,-0.423
Stretch,1-Stretch,83.76,74.162,33.22,1.811391725,-0.124
Stretch,1-Stretch,83.96,74.244,33.302,1.813394558,-0.124
Stretch,1-Stretch,84.16,74.326,33.384,1.815397391,-0.324
Stretch,1-Stretch,84.36,74.408,33.466,1.817400225,-0.025
Stretch,1-Stretch,84.56,74.49,33.548,1.819403058,-0.423
Stretch,1-Stretch,84.76,74.572,33.63,1.821405891,-0.224
Stretch,1-Stretch,84.96,74.655,33.713,1.823433149,-0.025
Stretch,1-Stretch,85.16,74.736,33.794,1.825411558,-0.423
Stretch,1-Stretch,85.36,74.818,33.876,1.827414391,-0.124
Stretch,1-Stretch,85.56,74.901,33.959,1.829441649,-0.224
Stretch,1-Stretch,85.76,74.983,34.041,1.831444482,-0.224
Stretch,1-Stretch,85.96,75.064,34.122,1.833422891,-0.025
Stretch,1-Stretch,86.16,75.147,34.205,1.835450149,-0.324
Stretch,1-Stretch,86.36,75.229,34.287,1.837452982,-0.224
Stretch,1-Stretch,86.56,75.311,34.369,1.839455816,-0.025
Stretch,1-Stretch,86.76,75.393,34.451,1.841458649,-0.324
Stretch,1-Stretch,86.96,75.475,34.533,1.843461482,-0.124
Stretch,1-Stretch,87.16,75.557,34.615,1.845464315,-0.224
Stretch,1-Stretch,87.36,75.639,34.697,1.847467149,-0.324
Stretch,1-Stretch,87.56,75.721,34.779,1.849469982,-0.025
Stretch,1-Stretch,87.76,75.803,34.861,1.851472815,-0.423
Stretch,1-Stretch,87.96,75.885,34.943,1.853475648,-0.224
Stretch,1-Stretch,88.16,75.967,35.025,1.855478482,-0.025
Stretch,1-Stretch,88.36,76.049,35.107,1.857481315,-0.324
Stretch,1-Stretch,88.56,76.131,35.189,1.859484148,-0.124
Stretch,1-Stretch,88.76,76.214,35.272,1.861511406,-0.224
Stretch,1-Stretch,88.96,76.295,35.353,1.863489815,-0.324
Stretch,1-Stretch,89.16,76.377,35.435,1.865492648,-0.025
Stretch,1-Stretch,89.36,76.46,35.518,1.867519906,-0.423
Stretch,1-Stretch,89.56,76.542,35.6,1.869522739,-0.124
Stretch,1-Stretch,89.76,76.623,35.681,1.871501148,0.075
Stretch,1-Stretch,89.96,76.706,35.764,1.873528406,-0.423
Stretch,1-Stretch,90.16,76.788,35.846,1.875531239,-0.124
Stretch,1-Stretch,90.36,76.87,35.928,1.877534073,-0.224
Stretch,1-Stretch,90.56,76.952,36.01,1.879536906,-0.324
Stretch,1-Stretch,90.76,77.034,36.092,1.881539739,-0.025
Stretch,1-Stretch,90.96,77.116,36.174,1.883542572,-0.423
Stretch,1-Stretch,91.16,77.198,36.256,1.885545406,-0.224
Stretch,1-Stretch,91.36,77.28,36.338,1.887548239,-0.124
Stretch,1-Stretch,91.56,77.362,36.42,1.889551072,-0.324
Stretch,1-Stretch,91.76,77.444,36.502,1.891553906,-0.124
Stretch,1-Stretch,91.96,77.526,36.584,1.893556739,-0.224
Stretch,1-Stretch,92.16,77.608,36.666,1.895559572,-0.324
Stretch,1-Stretch,92.36,77.69,36.748,1.897562405,-0.025
Stretch,1-Stretch,92.56,77.772,36.83,1.899565239,-0.423
Stretch,1-Stretch,92.76,77.854,36.912,1.901568072,-0.224
Stretch,1-Stretch,92.96,77.936,36.994,1.903570905,-0.025
Stretch,1-Stretch,93.16,78.019,37.077,1.905598163,-0.423
Stretch,1-Stretch,93.36,78.1,37.158,1.907576572,-0.124
Stretch,1-Stretch,93.56,78.182,37.24,1.909579405,-0.124
Stretch,1-Stretch,93.76,78.265,37.323,1.911606663,-0.324
Stretch,1-Stretch,93.96,78.347,37.405,1.913609496,-0.025
Stretch,1-Stretch,94.16,78.428,37.486,1.915587905,-0.423
Stretch,1-Stretch,94.36,78.511,37.569,1.917615163,-0.224
Stretch,1-Stretch,94.56,78.593,37.651,1.919617996,-0.124
Stretch,1-Stretch,94.76,78.675,37.733,1.921620829,-0.423
Stretch,1-Stretch,94.96,78.756,37.814,1.923599238,-0.124
Stretch,1-Stretch,95.16,78.839,37.897,1.925626496,-0.224
Stretch,1-Stretch,95.36,78.921,37.979,1.927629329,-0.324
Stretch,1-Stretch,95.56,79.003,38.061,1.929632163,-0.025
Stretch,1-Stretch,95.76,79.085,38.143,1.931634996,-0.423
Stretch,1-Stretch,95.96,79.167,38.225,1.933637829,-0.224
Stretch,1-Stretch,96.16,79.249,38.307,1.935640662,-0.025
Stretch,1-Stretch,96.36,79.331,38.389,1.937643496,-0.324
Stretch,1-Stretch,96.56,79.413,38.471,1.939646329,-0.124
Stretch,1-Stretch,96.76,79.495,38.553,1.941649162,-0.224
Stretch,1-Stretch,96.96,79.578,38.636,1.94367642,-0.124
Stretch,1-Stretch,97.16,79.659,38.717,1.945654829,-0.025
Stretch,1-Stretch,97.36,79.741,38.799,1.947657662,-0.224
Stretch,1-Stretch,97.56,79.824,38.882,1.94968492,-0.124
Stretch,1-Stretch,97.76,79.906,38.964,1.951687753,0.075
Stretch,1-Stretch,97.96,79.987,39.045,1.953666162,-0.324
Stretch,1-Stretch,98.16,80.07,39.128,1.95569342,-0.025
Stretch,1-Stretch,98.36,80.152,39.21,1.957696253,-0.224
Stretch,1-Stretch,98.56,80.234,39.292,1.959699087,-0.224
Stretch,1-Stretch,98.76,80.315,39.373,1.961677495,-0.025
Stretch,1-Stretch,98.96,80.398,39.456,1.963704753,-0.423
Stretch,1-Stretch,99.16,80.48,39.538,1.965707586,-0.224
Stretch,1-Stretch,99.36,80.562,39.62,1.96771042,-0.025
Stretch,1-Stretch,99.56,80.644,39.702,1.969713253,-0.423
Stretch,1-Stretch,99.76,80.726,39.784,1.971716086,-0.124
Stretch,1-Stretch,99.96,80.808,39.866,1.973718919,-0.224
Stretch,1-Stretch,100.16,80.89,39.948,1.975721753,-0.324
Stretch,1-Stretch,100.36,80.972,40.03,1.977724586,-0.025
Stretch,1-Stretch,100.56,81.054,40.112,1.979727419,-0.423
Stretch,1-Stretch,100.76,81.136,40.194,1.981730253,-0.224
Stretch,1-Stretch,100.96,81.218,40.276,1.983733086,-0.124
Stretch,1-Stretch,101.16,81.3,40.358,1.985735919,-0.423
Stretch,1-Stretch,101.36,81.383,40.441,1.987763177,-0.124
Stretch,1-Stretch,101.56,81.464,40.522,1.989741586,-0.324
Stretch,1-Stretch,101.76,81.546,40.604,1.991744419,-0.324
Stretch,1-Stretch,101.96,81.629,40.687,1.993771677,-0.025
Stretch,1-Stretch,102.16,81.711,40.769,1.99577451,-0.423
Stretch,1-Stretch,102.36,81.792,40.85,1.997752919,-0.224
Stretch,1-Stretch,102.56,81.874,40.932,1.999755752,-0.124
